test_index|company_id
0|372699
1|-1
2|-1
3|-1
4|-1
5|-1
6|-1
7|308230
8|262633
9|-1
10|-1
11|79631
12|-1
13|-1
14|304249
15|-1
16|201919
17|238233
18|-1
19|238989
20|-1
21|242083
22|-1
23|33896
24|-1
25|134699
26|-1
27|-1
28|20240
29|-1
30|340214
31|398678
32|437857
33|552556
34|263849
35|127853
36|254071
37|355755
38|613554
39|91936
40|532240
41|-1
42|-1
43|611021
44|408154
45|79443
46|508360
47|-1
48|29934
49|208436
50|199330
51|-1
52|320725
53|549855
54|-1
55|-1
56|-1
57|-1
58|-1
59|-1
60|307411
61|-1
62|508405
63|-1
64|-1
65|-1
66|-1
67|-1
68|-1
69|-1
70|267617
71|-1
72|-1
73|118987
74|337396
75|242312
76|-1
77|-1
78|-1
79|-1
80|-1
81|-1
82|-1
83|-1
84|-1
85|46056
86|-1
87|383194
88|201987
89|-1
90|-1
91|86110
92|554632
93|119763
94|-1
95|-1
96|99094
97|-1
98|-1
99|-1
100|-1
101|-1
102|-1
103|-1
104|-1
105|186290
106|549115
107|311018
108|-1
109|-1
110|-1
111|-1
112|-1
113|-1
114|473368
115|-1
116|569608
117|238792
118|45102
119|-1
120|-1
121|-1
122|-1
123|-1
124|598044
125|-1
126|-1
127|176297
128|378751
129|459600
130|273008
131|347137
132|83463
133|162088
134|-1
135|430845
136|-1
137|-1
138|-1
139|-1
140|96773
141|-1
142|374365
143|623348
144|-1
145|-1
146|161688
147|-1
148|460716
149|146696
150|-1
151|-1
152|123100
153|272513
154|-1
155|-1
156|-1
157|-1
158|-1
159|-1
160|-1
161|-1
162|-1
163|422678
164|-1
165|-1
166|-1
167|485555
168|-1
169|-1
170|568465
171|-1
172|-1
173|-1
174|-1
175|614709
176|-1
177|-1
178|316299
179|-1
180|71310
181|442205
182|-1
183|-1
184|597075
185|-1
186|545556
187|227502
188|45041
189|-1
190|526485
191|-1
192|334711
193|-1
194|-1
195|-1
196|467338
197|206
198|508954
199|-1
200|-1
201|129233
202|-1
203|192555
204|-1
205|-1
206|-1
207|246758
208|416398
209|339147
210|-1
211|-1
212|386221
213|8743
214|-1
215|86427
216|-1
217|-1
218|-1
219|-1
220|218934
221|-1
222|274155
223|558123
224|-1
225|-1
226|578917
227|-1
228|-1
229|-1
230|-1
231|-1
232|-1
233|-1
234|-1
235|-1
236|269712
237|-1
238|-1
239|-1
240|-1
241|-1
242|-1
243|-1
244|560043
245|470240
246|-1
247|-1
248|-1
249|-1
250|-1
251|-1
252|-1
253|-1
254|-1
255|-1
256|-1
257|282174
258|99012
259|-1
260|-1
261|56378
262|-1
263|-1
264|-1
265|-1
266|-1
267|176360
268|-1
269|121814
270|-1
271|260449
272|303217
273|-1
274|-1
275|118527
276|-1
277|-1
278|-1
279|138422
280|251201
281|-1
282|-1
283|285799
284|-1
285|432543
286|-1
287|-1
288|243484
289|-1
290|-1
291|-1
292|-1
293|-1
294|127396
295|-1
296|131917
297|600465
298|-1
299|-1
300|137955
301|-1
302|-1
303|-1
304|-1
305|-1
306|635083
307|407795
308|-1
309|-1
310|412499
311|-1
312|-1
313|-1
314|-1
315|-1
316|238691
317|146523
318|466627
319|-1
320|131531
321|-1
322|326068
323|244185
324|183304
325|616056
326|-1
327|449334
328|-1
329|-1
330|-1
331|-1
332|331095
333|-1
334|-1
335|393289
336|-1
337|-1
338|-1
339|-1
340|-1
341|-1
342|53578
343|-1
344|-1
345|-1
346|-1
347|618398
348|-1
349|235781
350|417655
351|539449
352|-1
353|-1
354|40586
355|-1
356|451406
357|-1
358|218362
359|-1
360|-1
361|-1
362|30640
363|282960
364|-1
365|604005
366|605592
367|-1
368|-1
369|-1
370|-1
371|-1
372|-1
373|-1
374|-1
375|-1
376|-1
377|614427
378|241687
379|152783
380|-1
381|-1
382|-1
383|389104
384|-1
385|-1
386|120283
387|-1
388|-1
389|246191
390|-1
391|472174
392|-1
393|-1
394|-1
395|292907
396|-1
397|-1
398|438652
399|-1
400|271755
401|44364
402|-1
403|-1
404|30662
405|-1
406|-1
407|177099
408|-1
409|-1
410|-1
411|331638
412|-1
413|564620
414|468047
415|-1
416|81130
417|-1
418|-1
419|-1
420|-1
421|-1
422|-1
423|420368
424|413914
425|-1
426|412494
427|-1
428|-1
429|-1
430|-1
431|-1
432|484661
433|-1
434|458039
435|-1
436|-1
437|246475
438|-1
439|155352
440|-1
441|295329
442|348074
443|-1
444|-1
445|-1
446|-1
447|-1
448|-1
449|-1
450|-1
451|-1
452|-1
453|216038
454|308058
455|118625
456|-1
457|-1
458|-1
459|473340
460|-1
461|-1
462|104880
463|-1
464|-1
465|425565
466|523648
467|-1
468|-1
469|-1
470|167435
471|366999
472|-1
473|416970
474|139146
475|-1
476|-1
477|315669
478|300915
479|80243
480|159111
481|-1
482|190557
483|-1
484|272543
485|461794
486|365594
487|-1
488|228535
489|82305
490|-1
491|-1
492|535314
493|-1
494|101701
495|220956
496|-1
497|-1
498|214593
499|-1
500|529589
501|16123
502|465323
503|-1
504|479982
505|-1
506|392651
507|-1
508|-1
509|-1
510|-1
511|-1
512|-1
513|-1
514|439843
515|-1
516|-1
517|-1
518|-1
519|-1
520|-1
521|-1
522|-1
523|-1
524|-1
525|513181
526|315941
527|-1
528|-1
529|-1
530|245846
531|-1
532|456973
533|626704
534|-1
535|-1
536|358692
537|75759
538|-1
539|-1
540|530542
541|-1
542|-1
543|-1
544|626403
545|-1
546|-1
547|201617
548|393103
549|625996
550|-1
551|-1
552|443850
553|486722
554|-1
555|-1
556|-1
557|-1
558|-1
559|336958
560|625608
561|-1
562|-1
563|516457
564|220068
565|-1
566|-1
567|-1
568|-1
569|-1
570|428249
571|606956
572|401413
573|-1
574|-1
575|-1
576|-1
577|-1
578|297371
579|-1
580|-1
581|-1
582|-1
583|-1
584|446906
585|159231
586|-1
587|-1
588|275502
589|-1
590|-1
591|505877
592|435161
593|-1
594|-1
595|-1
596|-1
597|-1
598|36005
599|-1
600|-1
601|-1
602|-1
603|126477
604|11064
605|-1
606|-1
607|-1
608|635265
609|106858
610|-1
611|367272
612|-1
613|-1
614|16851
615|184957
616|486452
617|287530
618|-1
619|271984
620|-1
621|-1
622|393943
623|-1
624|235147
625|-1
626|-1
627|289187
628|-1
629|-1
630|-1
631|101087
632|397862
633|630279
634|-1
635|586146
636|609679
637|-1
638|59906
639|590046
640|-1
641|240402
642|165891
643|46928
644|-1
645|570918
646|219144
647|524940
648|101353
649|-1
650|-1
651|-1
652|-1
653|275743
654|608521
655|-1
656|-1
657|-1
658|-1
659|-1
660|158206
661|301146
662|124158
663|25409
664|201233
665|-1
666|250391
667|-1
668|-1
669|-1
670|547465
671|333556
672|-1
673|589552
674|375605
675|-1
676|-1
677|572019
678|-1
679|336212
680|-1
681|-1
682|-1
683|-1
684|571996
685|434299
686|228944
687|-1
688|-1
689|-1
690|186416
691|310508
692|42321
693|-1
694|218170
695|369996
696|-1
697|599953
698|-1
699|-1
700|-1
701|-1
702|-1
703|-1
704|378355
705|-1
706|-1
707|-1
708|-1
709|-1
710|-1
711|-1
712|-1
713|39614
714|155375
715|-1
716|-1
717|-1
718|207413
719|-1
720|310460
721|-1
722|164057
723|503805
724|-1
725|-1
726|-1
727|-1
728|-1
729|-1
730|-1
731|137300
732|-1
733|-1
734|332260
735|-1
736|-1
737|318128
738|415847
739|214783
740|-1
741|408309
742|-1
743|-1
744|279147
745|474508
746|-1
747|-1
748|-1
749|-1
750|-1
751|270000
752|246300
753|201657
754|-1
755|29874
756|-1
757|451298
758|-1
759|58858
760|-1
761|596638
762|486970
763|-1
764|-1
765|-1
766|-1
767|-1
768|-1
769|-1
770|-1
771|-1
772|-1
773|-1
774|-1
775|-1
776|463610
777|-1
778|-1
779|188296
780|-1
781|-1
782|309055
783|400943
784|385582
785|538798
786|-1
787|408252
788|56381
789|219771
790|-1
791|-1
792|-1
793|-1
794|274094
795|-1
796|604083
797|-1
798|-1
799|30610
800|133115
801|380717
802|-1
803|-1
804|146376
805|-1
806|425652
807|-1
808|294775
809|373779
810|-1
811|-1
812|-1
813|-1
814|-1
815|-1
816|268796
817|77447
818|-1
819|89114
820|-1
821|-1
822|-1
823|-1
824|175361
825|-1
826|-1
827|-1
828|-1
829|-1
830|382401
831|-1
832|596848
833|-1
834|508509
835|-1
836|-1
837|-1
838|191340
839|-1
840|592252
841|-1
842|-1
843|-1
844|458499
845|-1
846|10927
847|54921
848|-1
849|565690
850|-1
851|249317
852|333553
853|-1
854|73293
855|316049
856|-1
857|-1
858|264749
859|182179
860|-1
861|-1
862|-1
863|483801
864|-1
865|486970
866|-1
867|-1
868|325081
869|-1
870|-1
871|418067
872|-1
873|-1
874|570917
875|-1
876|-1
877|-1
878|-1
879|112895
880|-1
881|287010
882|598994
883|-1
884|-1
885|-1
886|-1
887|-1
888|-1
889|40667
890|-1
891|615238
892|378281
893|429454
894|-1
895|-1
896|-1
897|414689
898|129103
899|-1
900|537438
901|-1
902|-1
903|73866
904|-1
905|-1
906|324787
907|-1
908|-1
909|70214
910|397727
911|-1
912|-1
913|170393
914|147103
915|-1
916|360209
917|563721
918|480925
919|-1
920|65469
921|-1
922|-1
923|249438
924|504125
925|-1
926|-1
927|-1
928|-1
929|-1
930|-1
931|-1
932|419897
933|-1
934|611944
935|-1
936|624749
937|73072
938|-1
939|-1
940|-1
941|597685
942|168267
943|-1
944|627690
945|-1
946|-1
947|-1
948|-1
949|48351
950|-1
951|-1
952|-1
953|-1
954|261944
955|11755
956|-1
957|491100
958|-1
959|196268
960|210144
961|-1
962|-1
963|441280
964|-1
965|-1
966|-1
967|416383
968|-1
969|-1
970|-1
971|-1
972|-1
973|626198
974|-1
975|505988
976|-1
977|-1
978|-1
979|-1
980|-1
981|-1
982|512689
983|-1
984|286175
985|209810
986|262832
987|540637
988|440395
989|482210
990|512248
991|415309
992|-1
993|330090
994|350134
995|-1
996|-1
997|-1
998|-1
999|318838
1000|-1
1001|-1
1002|-1
1003|-1
1004|-1
1005|-1
1006|-1
1007|-1
1008|483062
1009|439499
1010|-1
1011|25914
1012|436461
1013|-1
1014|-1
1015|-1
1016|-1
1017|97790
1018|-1
1019|447313
1020|548404
1021|-1
1022|-1
1023|-1
1024|26389
1025|-1
1026|-1
1027|-1
1028|-1
1029|-1
1030|-1
1031|-1
1032|-1
1033|-1
1034|419545
1035|-1
1036|-1
1037|264883
1038|-1
1039|535163
1040|-1
1041|-1
1042|315783
1043|-1
1044|-1
1045|380854
1046|519856
1047|-1
1048|-1
1049|-1
1050|-1
1051|-1
1052|41284
1053|-1
1054|73254
1055|-1
1056|110750
1057|162405
1058|184788
1059|148337
1060|-1
1061|390329
1062|-1
1063|164025
1064|479430
1065|-1
1066|-1
1067|-1
1068|75505
1069|-1
1070|264783
1071|256266
1072|301206
1073|256681
1074|256455
1075|196653
1076|-1
1077|-1
1078|-1
1079|-1
1080|114218
1081|-1
1082|-1
1083|-1
1084|-1
1085|425700
1086|109448
1087|464826
1088|-1
1089|263215
1090|556435
1091|-1
1092|125647
1093|-1
1094|-1
1095|-1
1096|-1
1097|-1
1098|-1
1099|36078
1100|346348
1101|-1
1102|-1
1103|398399
1104|523702
1105|-1
1106|495649
1107|424120
1108|-1
1109|72117
1110|-1
1111|364567
1112|-1
1113|-1
1114|-1
1115|-1
1116|-1
1117|-1
1118|-1
1119|390755
1120|478945
1121|-1
1122|-1
1123|-1
1124|217649
1125|-1
1126|-1
1127|384487
1128|-1
1129|-1
1130|-1
1131|-1
1132|-1
1133|109839
1134|-1
1135|-1
1136|-1
1137|-1
1138|-1
1139|33960
1140|-1
1141|623470
1142|485284
1143|-1
1144|110772
1145|372039
1146|-1
1147|490115
1148|-1
1149|-1
1150|551425
1151|-1
1152|-1
1153|405925
1154|-1
1155|-1
1156|520205
1157|-1
1158|403343
1159|-1
1160|560238
1161|522694
1162|357868
1163|-1
1164|-1
1165|274680
1166|-1
1167|-1
1168|-1
1169|-1
1170|464587
1171|611599
1172|89462
1173|-1
1174|553612
1175|283786
1176|-1
1177|-1
1178|-1
1179|112939
1180|26629
1181|184331
1182|354866
1183|636846
1184|-1
1185|-1
1186|-1
1187|48946
1188|609558
1189|331166
1190|-1
1191|-1
1192|-1
1193|256759
1194|-1
1195|483580
1196|62278
1197|-1
1198|-1
1199|-1
1200|-1
1201|-1
1202|-1
1203|156017
1204|434475
1205|306793
1206|11086
1207|-1
1208|224060
1209|193565
1210|-1
1211|-1
1212|-1
1213|287750
1214|-1
1215|-1
1216|-1
1217|371790
1218|164196
1219|-1
1220|-1
1221|533959
1222|636608
1223|-1
1224|-1
1225|-1
1226|-1
1227|-1
1228|-1
1229|-1
1230|-1
1231|584731
1232|-1
1233|-1
1234|-1
1235|-1
1236|-1
1237|-1
1238|-1
1239|290154
1240|-1
1241|-1
1242|-1
1243|239686
1244|-1
1245|-1
1246|-1
1247|-1
1248|-1
1249|-1
1250|-1
1251|-1
1252|-1
1253|357248
1254|277296
1255|-1
1256|539695
1257|-1
1258|133303
1259|-1
1260|11937
1261|629568
1262|641239
1263|-1
1264|-1
1265|-1
1266|-1
1267|-1
1268|-1
1269|-1
1270|-1
1271|-1
1272|-1
1273|-1
1274|283433
1275|-1
1276|-1
1277|-1
1278|-1
1279|-1
1280|5274
1281|427921
1282|517614
1283|129778
1284|460978
1285|-1
1286|-1
1287|-1
1288|-1
1289|-1
1290|557248
1291|-1
1292|277075
1293|-1
1294|404343
1295|-1
1296|-1
1297|-1
1298|-1
1299|-1
1300|-1
1301|148233
1302|-1
1303|583262
1304|-1
1305|-1
1306|-1
1307|466049
1308|362729
1309|-1
1310|464660
1311|136352
1312|-1
1313|44790
1314|-1
1315|-1
1316|46688
1317|-1
1318|-1
1319|293476
1320|-1
1321|-1
1322|517408
1323|-1
1324|246413
1325|282926
1326|257158
1327|589521
1328|353413
1329|-1
1330|-1
1331|259364
1332|-1
1333|-1
1334|-1
1335|-1
1336|-1
1337|378331
1338|-1
1339|-1
1340|-1
1341|580186
1342|-1
1343|399833
1344|503034
1345|74851
1346|218813
1347|60409
1348|-1
1349|-1
1350|-1
1351|-1
1352|-1
1353|-1
1354|349955
1355|-1
1356|-1
1357|-1
1358|578998
1359|125808
1360|-1
1361|73933
1362|269931
1363|-1
1364|366329
1365|233052
1366|-1
1367|-1
1368|-1
1369|-1
1370|510127
1371|-1
1372|-1
1373|394531
1374|27123
1375|-1
1376|637970
1377|514047
1378|-1
1379|-1
1380|144096
1381|-1
1382|-1
1383|-1
1384|-1
1385|149500
1386|75466
1387|-1
1388|-1
1389|353394
1390|-1
1391|161799
1392|-1
1393|-1
1394|189004
1395|-1
1396|-1
1397|-1
1398|471814
1399|133910
1400|-1
1401|-1
1402|-1
1403|357723
1404|302782
1405|-1
1406|-1
1407|189758
1408|465894
1409|-1
1410|357546
1411|323729
1412|189064
1413|280952
1414|607214
1415|-1
1416|-1
1417|315406
1418|-1
1419|577374
1420|557829
1421|208177
1422|469334
1423|-1
1424|193050
1425|35966
1426|118161
1427|565247
1428|-1
1429|530154
1430|113560
1431|19716
1432|-1
1433|-1
1434|-1
1435|311964
1436|549231
1437|643150
1438|-1
1439|-1
1440|-1
1441|312040
1442|-1
1443|-1
1444|-1
1445|450573
1446|-1
1447|-1
1448|-1
1449|-1
1450|-1
1451|-1
1452|-1
1453|-1
1454|-1
1455|-1
1456|-1
1457|-1
1458|87803
1459|-1
1460|65685
1461|-1
1462|-1
1463|-1
1464|-1
1465|-1
1466|-1
1467|-1
1468|-1
1469|-1
1470|-1
1471|199721
1472|-1
1473|-1
1474|-1
1475|-1
1476|126619
1477|-1
1478|-1
1479|-1
1480|118789
1481|625360
1482|-1
1483|-1
1484|-1
1485|63597
1486|-1
1487|163656
1488|589667
1489|-1
1490|124120
1491|-1
1492|-1
1493|134496
1494|-1
1495|-1
1496|-1
1497|76353
1498|537471
1499|-1
1500|46024
1501|-1
1502|-1
1503|521043
1504|241796
1505|-1
1506|-1
1507|226939
1508|-1
1509|-1
1510|614447
1511|-1
1512|288341
1513|151942
1514|-1
1515|53748
1516|-1
1517|-1
1518|-1
1519|-1
1520|-1
1521|-1
1522|464680
1523|-1
1524|62299
1525|-1
1526|-1
1527|-1
1528|-1
1529|-1
1530|-1
1531|316909
1532|-1
1533|-1
1534|-1
1535|14215
1536|-1
1537|-1
1538|229485
1539|-1
1540|-1
1541|-1
1542|397758
1543|-1
1544|-1
1545|-1
1546|-1
1547|354418
1548|544529
1549|-1
1550|-1
1551|639730
1552|-1
1553|-1
1554|-1
1555|474403
1556|-1
1557|-1
1558|124357
1559|-1
1560|144358
1561|426737
1562|-1
1563|28890
1564|215208
1565|-1
1566|-1
1567|-1
1568|504054
1569|-1
1570|6437
1571|-1
1572|571100
1573|245422
1574|-1
1575|-1
1576|-1
1577|590628
1578|425110
1579|237423
1580|-1
1581|-1
1582|-1
1583|-1
1584|-1
1585|359473
1586|-1
1587|245122
1588|-1
1589|-1
1590|-1
1591|519069
1592|354833
1593|612874
1594|-1
1595|-1
1596|551786
1597|229541
1598|-1
1599|-1
1600|-1
1601|304564
1602|-1
1603|-1
1604|543248
1605|-1
1606|-1
1607|-1
1608|-1
1609|-1
1610|-1
1611|-1
1612|480592
1613|-1
1614|408149
1615|-1
1616|269069
1617|610995
1618|-1
1619|530188
1620|-1
1621|107834
1622|-1
1623|280767
1624|-1
1625|-1
1626|-1
1627|630950
1628|-1
1629|-1
1630|-1
1631|-1
1632|626799
1633|44841
1634|521997
1635|462754
1636|-1
1637|483084
1638|-1
1639|420845
1640|-1
1641|396369
1642|373368
1643|374705
1644|-1
1645|66611
1646|473713
1647|-1
1648|-1
1649|-1
1650|-1
1651|16412
1652|598957
1653|-1
1654|386376
1655|-1
1656|324454
1657|180437
1658|-1
1659|354752
1660|334305
1661|-1
1662|-1
1663|116788
1664|-1
1665|-1
1666|-1
1667|-1
1668|189796
1669|-1
1670|-1
1671|-1
1672|593324
1673|-1
1674|-1
1675|-1
1676|486098
1677|-1
1678|8776
1679|174268
1680|136942
1681|-1
1682|-1
1683|-1
1684|17547
1685|350205
1686|-1
1687|-1
1688|150875
1689|-1
1690|-1
1691|-1
1692|635698
1693|-1
1694|612785
1695|-1
1696|11918
1697|-1
1698|-1
1699|-1
1700|-1
1701|-1
1702|316401
1703|548432
1704|149830
1705|-1
1706|291731
1707|-1
1708|-1
1709|80204
1710|38811
1711|-1
1712|-1
1713|334195
1714|-1
1715|-1
1716|-1
1717|-1
1718|-1
1719|-1
1720|531828
1721|-1
1722|352640
1723|-1
1724|236018
1725|-1
1726|-1
1727|-1
1728|626837
1729|-1
1730|221368
1731|-1
1732|505028
1733|116765
1734|-1
1735|-1
1736|376841
1737|-1
1738|-1
1739|-1
1740|-1
1741|-1
1742|-1
1743|-1
1744|470113
1745|149599
1746|622448
1747|-1
1748|-1
1749|-1
1750|38394
1751|-1
1752|626126
1753|-1
1754|-1
1755|-1
1756|509839
1757|403186
1758|515848
1759|177390
1760|-1
1761|217314
1762|623079
1763|-1
1764|-1
1765|-1
1766|-1
1767|-1
1768|13915
1769|507691
1770|-1
1771|-1
1772|-1
1773|612910
1774|141299
1775|-1
1776|-1
1777|564651
1778|47637
1779|473185
1780|74309
1781|-1
1782|267988
1783|-1
1784|-1
1785|-1
1786|174879
1787|-1
1788|-1
1789|-1
1790|86261
1791|-1
1792|563886
1793|-1
1794|-1
1795|624708
1796|208969
1797|-1
1798|-1
1799|-1
1800|-1
1801|-1
1802|-1
1803|101340
1804|341302
1805|-1
1806|288832
1807|-1
1808|-1
1809|539535
1810|-1
1811|-1
1812|-1
1813|309697
1814|-1
1815|-1
1816|-1
1817|-1
1818|224619
1819|-1
1820|35455
1821|118491
1822|-1
1823|-1
1824|-1
1825|-1
1826|120112
1827|-1
1828|-1
1829|6386
1830|-1
1831|310439
1832|-1
1833|-1
1834|-1
1835|496826
1836|212450
1837|-1
1838|-1
1839|-1
1840|-1
1841|-1
1842|608661
1843|201451
1844|101309
1845|-1
1846|-1
1847|-1
1848|-1
1849|-1
1850|-1
1851|453308
1852|-1
1853|-1
1854|-1
1855|-1
1856|-1
1857|-1
1858|-1
1859|-1
1860|177050
1861|170734
1862|-1
1863|425213
1864|-1
1865|-1
1866|340295
1867|280421
1868|-1
1869|-1
1870|-1
1871|-1
1872|307900
1873|-1
1874|308760
1875|-1
1876|-1
1877|411954
1878|-1
1879|491415
1880|539245
1881|-1
1882|224778
1883|-1
1884|286639
1885|-1
1886|-1
1887|-1
1888|-1
1889|-1
1890|-1
1891|-1
1892|325393
1893|-1
1894|-1
1895|-1
1896|150391
1897|-1
1898|-1
1899|431263
1900|-1
1901|643181
1902|-1
1903|-1
1904|-1
1905|-1
1906|579022
1907|363049
1908|-1
1909|225215
1910|112463
1911|318924
1912|503206
1913|-1
1914|535062
1915|-1
1916|-1
1917|435805
1918|-1
1919|526500
1920|-1
1921|459703
1922|558642
1923|552045
1924|-1
1925|116771
1926|219851
1927|-1
1928|-1
1929|-1
1930|637919
1931|-1
1932|192481
1933|-1
1934|194140
1935|410420
1936|624467
1937|616633
1938|-1
1939|252078
1940|-1
1941|-1
1942|216673
1943|124258
1944|-1
1945|217892
1946|-1
1947|-1
1948|-1
1949|-1
1950|536118
1951|-1
1952|387015
1953|-1
1954|571025
1955|280157
1956|457903
1957|26037
1958|-1
1959|-1
1960|-1
1961|601238
1962|404270
1963|132297
1964|325267
1965|-1
1966|-1
1967|-1
1968|-1
1969|-1
1970|-1
1971|-1
1972|34446
1973|-1
1974|-1
1975|331430
1976|-1
1977|-1
1978|536844
1979|451007
1980|-1
1981|249124
1982|31796
1983|-1
1984|227305
1985|204273
1986|387833
1987|-1
1988|450967
1989|-1
1990|-1
1991|-1
1992|590765
1993|-1
1994|-1
1995|-1
1996|-1
1997|31490
1998|94759
1999|287511
2000|-1
2001|169314
2002|300158
2003|-1
2004|-1
2005|-1
2006|-1
2007|369751
2008|120378
2009|213871
2010|-1
2011|382816
2012|-1
2013|-1
2014|-1
2015|-1
2016|-1
2017|-1
2018|-1
2019|37944
2020|-1
2021|-1
2022|290306
2023|-1
2024|7736
2025|342215
2026|-1
2027|-1
2028|478653
2029|-1
2030|-1
2031|161620
2032|181540
2033|178171
2034|-1
2035|491818
2036|-1
2037|-1
2038|-1
2039|-1
2040|93189
2041|-1
2042|569922
2043|401222
2044|570788
2045|40057
2046|-1
2047|-1
2048|80546
2049|590944
2050|-1
2051|136203
2052|255369
2053|-1
2054|-1
2055|-1
2056|-1
2057|600556
2058|-1
2059|250485
2060|-1
2061|-1
2062|292874
2063|218035
2064|-1
2065|-1
2066|599137
2067|-1
2068|334058
2069|-1
2070|-1
2071|-1
2072|191899
2073|-1
2074|-1
2075|492085
2076|395125
2077|-1
2078|-1
2079|455221
2080|-1
2081|444961
2082|614506
2083|-1
2084|-1
2085|-1
2086|541247
2087|548700
2088|197364
2089|-1
2090|380169
2091|-1
2092|-1
2093|521772
2094|304722
2095|-1
2096|-1
2097|-1
2098|-1
2099|-1
2100|203020
2101|-1
2102|-1
2103|155272
2104|-1
2105|326975
2106|93444
2107|523262
2108|-1
2109|533389
2110|-1
2111|-1
2112|-1
2113|-1
2114|-1
2115|-1
2116|-1
2117|-1
2118|571159
2119|-1
2120|-1
2121|-1
2122|-1
2123|-1
2124|-1
2125|104019
2126|-1
2127|52238
2128|-1
2129|-1
2130|55874
2131|-1
2132|-1
2133|632351
2134|424557
2135|540140
2136|-1
2137|-1
2138|531137
2139|540117
2140|87733
2141|-1
2142|301995
2143|594087
2144|-1
2145|307178
2146|57149
2147|-1
2148|454104
2149|-1
2150|203268
2151|-1
2152|-1
2153|600558
2154|-1
2155|58467
2156|516455
2157|304759
2158|-1
2159|-1
2160|115094
2161|577048
2162|-1
2163|-1
2164|-1
2165|-1
2166|163634
2167|-1
2168|621825
2169|-1
2170|-1
2171|102482
2172|-1
2173|-1
2174|-1
2175|555058
2176|-1
2177|-1
2178|-1
2179|-1
2180|520822
2181|-1
2182|-1
2183|511714
2184|399315
2185|-1
2186|244653
2187|-1
2188|-1
2189|-1
2190|-1
2191|458218
2192|-1
2193|-1
2194|265208
2195|-1
2196|-1
2197|337997
2198|-1
2199|32560
2200|-1
2201|-1
2202|-1
2203|-1
2204|-1
2205|-1
2206|-1
2207|329934
2208|-1
2209|616646
2210|-1
2211|531574
2212|250130
2213|-1
2214|-1
2215|-1
2216|-1
2217|-1
2218|455423
2219|108684
2220|-1
2221|-1
2222|40514
2223|-1
2224|-1
2225|373749
2226|56688
2227|-1
2228|364141
2229|-1
2230|-1
2231|-1
2232|29139
2233|568098
2234|-1
2235|-1
2236|71665
2237|200243
2238|-1
2239|63232
2240|453696
2241|105410
2242|-1
2243|178546
2244|-1
2245|-1
2246|-1
2247|454386
2248|-1
2249|273084
2250|-1
2251|-1
2252|-1
2253|-1
2254|391271
2255|-1
2256|454826
2257|-1
2258|584269
2259|626659
2260|-1
2261|-1
2262|399747
2263|-1
2264|-1
2265|-1
2266|-1
2267|-1
2268|-1
2269|-1
2270|610801
2271|207533
2272|-1
2273|135842
2274|485942
2275|527663
2276|114371
2277|-1
2278|374704
2279|-1
2280|132007
2281|591179
2282|-1
2283|-1
2284|46881
2285|-1
2286|494307
2287|476735
2288|-1
2289|-1
2290|141352
2291|535297
2292|255958
2293|-1
2294|-1
2295|431738
2296|-1
2297|-1
2298|-1
2299|-1
2300|-1
2301|326536
2302|-1
2303|-1
2304|-1
2305|276834
2306|134676
2307|-1
2308|325749
2309|-1
2310|305274
2311|363583
2312|-1
2313|-1
2314|-1
2315|187828
2316|-1
2317|-1
2318|-1
2319|-1
2320|441959
2321|-1
2322|-1
2323|229435
2324|-1
2325|-1
2326|-1
2327|-1
2328|-1
2329|-1
2330|-1
2331|-1
2332|-1
2333|-1
2334|-1
2335|-1
2336|-1
2337|-1
2338|383831
2339|-1
2340|-1
2341|-1
2342|-1
2343|-1
2344|-1
2345|43167
2346|456021
2347|306273
2348|508013
2349|-1
2350|17269
2351|-1
2352|-1
2353|-1
2354|-1
2355|617714
2356|-1
2357|630742
2358|-1
2359|478742
2360|-1
2361|304473
2362|-1
2363|-1
2364|302592
2365|-1
2366|-1
2367|-1
2368|379087
2369|-1
2370|448576
2371|-1
2372|-1
2373|420085
2374|-1
2375|10570
2376|-1
2377|-1
2378|-1
2379|-1
2380|68473
2381|-1
2382|467053
2383|-1
2384|641040
2385|-1
2386|-1
2387|-1
2388|314319
2389|-1
2390|-1
2391|-1
2392|580778
2393|-1
2394|-1
2395|-1
2396|-1
2397|-1
2398|-1
2399|205001
2400|-1
2401|315447
2402|73907
2403|-1
2404|-1
2405|-1
2406|-1
2407|-1
2408|-1
2409|495479
2410|593900
2411|-1
2412|-1
2413|-1
2414|641345
2415|-1
2416|-1
2417|-1
2418|156785
2419|-1
2420|311127
2421|-1
2422|392958
2423|-1
2424|-1
2425|-1
2426|518177
2427|-1
2428|-1
2429|-1
2430|347373
2431|329637
2432|-1
2433|263108
2434|-1
2435|-1
2436|445769
2437|237078
2438|198859
2439|131333
2440|-1
2441|-1
2442|-1
2443|288231
2444|40549
2445|-1
2446|-1
2447|-1
2448|-1
2449|-1
2450|477609
2451|-1
2452|-1
2453|95668
2454|-1
2455|456954
2456|-1
2457|558220
2458|182432
2459|356559
2460|-1
2461|-1
2462|345145
2463|-1
2464|451729
2465|372679
2466|515870
2467|-1
2468|-1
2469|-1
2470|-1
2471|595862
2472|-1
2473|-1
2474|-1
2475|386812
2476|-1
2477|-1
2478|-1
2479|-1
2480|-1
2481|-1
2482|-1
2483|-1
2484|-1
2485|274011
2486|-1
2487|156290
2488|-1
2489|-1
2490|-1
2491|300714
2492|-1
2493|219699
2494|212531
2495|-1
2496|-1
2497|274702
2498|-1
2499|562172
2500|15835
2501|-1
2502|-1
2503|426608
2504|260764
2505|408696
2506|-1
2507|186063
2508|178071
2509|392514
2510|-1
2511|-1
2512|-1
2513|-1
2514|614814
2515|485464
2516|527853
2517|-1
2518|-1
2519|-1
2520|551196
2521|-1
2522|-1
2523|326050
2524|-1
2525|-1
2526|204720
2527|-1
2528|270697
2529|598483
2530|118567
2531|-1
2532|-1
2533|567660
2534|568534
2535|-1
2536|-1
2537|-1
2538|-1
2539|-1
2540|584170
2541|-1
2542|-1
2543|-1
2544|114093
2545|345635
2546|599409
2547|-1
2548|36202
2549|-1
2550|-1
2551|126173
2552|-1
2553|-1
2554|-1
2555|-1
2556|-1
2557|-1
2558|-1
2559|-1
2560|324787
2561|-1
2562|433615
2563|-1
2564|-1
2565|-1
2566|-1
2567|389664
2568|-1
2569|-1
2570|-1
2571|-1
2572|-1
2573|407371
2574|-1
2575|254143
2576|402220
2577|219459
2578|447382
2579|-1
2580|22014
2581|-1
2582|-1
2583|260021
2584|531596
2585|474003
2586|364016
2587|91674
2588|-1
2589|-1
2590|-1
2591|-1
2592|149424
2593|244136
2594|91487
2595|-1
2596|-1
2597|373213
2598|325242
2599|623947
2600|202752
2601|18042
2602|-1
2603|-1
2604|190599
2605|141418
2606|566018
2607|-1
2608|-1
2609|-1
2610|2773
2611|-1
2612|-1
2613|31853
2614|494865
2615|370519
2616|-1
2617|-1
2618|618188
2619|-1
2620|124215
2621|583469
2622|437506
2623|230509
2624|-1
2625|-1
2626|-1
2627|-1
2628|370175
2629|-1
2630|-1
2631|-1
2632|620277
2633|399497
2634|-1
2635|-1
2636|-1
2637|-1
2638|-1
2639|264575
2640|-1
2641|-1
2642|-1
2643|-1
2644|-1
2645|394437
2646|642247
2647|-1
2648|-1
2649|-1
2650|219829
2651|-1
2652|234002
2653|-1
2654|353801
2655|-1
2656|-1
2657|-1
2658|443489
2659|16343
2660|-1
2661|-1
2662|-1
2663|-1
2664|-1
2665|-1
2666|-1
2667|-1
2668|449822
2669|265533
2670|-1
2671|-1
2672|460748
2673|-1
2674|-1
2675|-1
2676|-1
2677|193472
2678|-1
2679|11267
2680|291004
2681|105125
2682|-1
2683|-1
2684|410412
2685|128596
2686|507830
2687|-1
2688|232240
2689|-1
2690|-1
2691|-1
2692|416396
2693|564004
2694|550361
2695|-1
2696|316476
2697|-1
2698|-1
2699|-1
2700|527933
2701|124439
2702|-1
2703|-1
2704|-1
2705|-1
2706|-1
2707|485003
2708|-1
2709|-1
2710|376275
2711|257790
2712|-1
2713|-1
2714|-1
2715|396610
2716|-1
2717|-1
2718|-1
2719|-1
2720|-1
2721|-1
2722|-1
2723|-1
2724|-1
2725|-1
2726|615005
2727|-1
2728|-1
2729|564402
2730|-1
2731|-1
2732|528229
2733|-1
2734|-1
2735|50628
2736|-1
2737|-1
2738|394143
2739|641649
2740|-1
2741|-1
2742|198988
2743|-1
2744|4200
2745|62242
2746|521350
2747|-1
2748|-1
2749|-1
2750|-1
2751|-1
2752|-1
2753|-1
2754|-1
2755|-1
2756|-1
2757|-1
2758|604185
2759|-1
2760|-1
2761|-1
2762|229497
2763|17425
2764|252612
2765|-1
2766|359704
2767|62152
2768|398016
2769|172850
2770|-1
2771|-1
2772|-1
2773|-1
2774|-1
2775|-1
2776|218435
2777|-1
2778|-1
2779|106987
2780|-1
2781|-1
2782|-1
2783|-1
2784|-1
2785|164261
2786|-1
2787|-1
2788|-1
2789|419036
2790|-1
2791|75113
2792|168643
2793|-1
2794|-1
2795|526129
2796|151981
2797|-1
2798|-1
2799|-1
2800|-1
2801|-1
2802|99279
2803|-1
2804|347446
2805|-1
2806|609110
2807|578871
2808|510449
2809|-1
2810|-1
2811|6866
2812|-1
2813|-1
2814|-1
2815|-1
2816|-1
2817|357891
2818|-1
2819|-1
2820|-1
2821|249249
2822|326064
2823|-1
2824|-1
2825|-1
2826|568696
2827|147495
2828|-1
2829|-1
2830|-1
2831|347708
2832|-1
2833|521883
2834|-1
2835|172746
2836|-1
2837|-1
2838|191244
2839|163589
2840|616848
2841|259771
2842|-1
2843|599868
2844|412146
2845|392155
2846|-1
2847|-1
2848|6488
2849|420674
2850|109393
2851|20877
2852|-1
2853|-1
2854|389635
2855|-1
2856|-1
2857|563889
2858|350339
2859|116745
2860|-1
2861|-1
2862|-1
2863|-1
2864|-1
2865|-1
2866|-1
2867|-1
2868|-1
2869|-1
2870|-1
2871|-1
2872|-1
2873|-1
2874|315486
2875|584105
2876|44197
2877|535389
2878|314427
2879|-1
2880|525512
2881|-1
2882|6160
2883|-1
2884|-1
2885|-1
2886|-1
2887|-1
2888|335004
2889|-1
2890|-1
2891|-1
2892|-1
2893|-1
2894|74381
2895|-1
2896|509559
2897|589092
2898|-1
2899|-1
2900|-1
2901|-1
2902|-1
2903|-1
2904|377963
2905|634713
2906|-1
2907|-1
2908|193330
2909|264519
2910|-1
2911|-1
2912|127321
2913|-1
2914|538561
2915|225007
2916|580977
2917|92471
2918|-1
2919|455297
2920|75386
2921|-1
2922|55348
2923|-1
2924|39749
2925|-1
2926|-1
2927|-1
2928|623803
2929|-1
2930|-1
2931|-1
2932|76144
2933|-1
2934|-1
2935|-1
2936|-1
2937|-1
2938|-1
2939|313637
2940|-1
2941|-1
2942|32925
2943|45828
2944|-1
2945|-1
2946|-1
2947|-1
2948|130946
2949|-1
2950|-1
2951|-1
2952|341810
2953|-1
2954|545726
2955|517693
2956|-1
2957|-1
2958|-1
2959|-1
2960|-1
2961|-1
2962|-1
2963|412042
2964|165980
2965|373200
2966|140957
2967|-1
2968|-1
2969|-1
2970|-1
2971|-1
2972|-1
2973|-1
2974|-1
2975|246565
2976|-1
2977|-1
2978|-1
2979|344066
2980|-1
2981|265552
2982|-1
2983|12685
2984|568143
2985|4714
2986|-1
2987|-1
2988|-1
2989|389861
2990|455469
2991|507133
2992|200902
2993|594577
2994|-1
2995|-1
2996|136001
2997|-1
2998|635831
2999|-1
3000|-1
3001|244945
3002|-1
3003|-1
3004|-1
3005|45502
3006|-1
3007|389831
3008|105243
3009|603159
3010|109906
3011|-1
3012|348784
3013|-1
3014|305055
3015|-1
3016|-1
3017|-1
3018|-1
3019|445576
3020|-1
3021|-1
3022|-1
3023|94568
3024|-1
3025|-1
3026|-1
3027|-1
3028|-1
3029|-1
3030|-1
3031|450541
3032|12679
3033|-1
3034|-1
3035|-1
3036|226944
3037|-1
3038|-1
3039|-1
3040|-1
3041|467749
3042|-1
3043|241520
3044|384859
3045|-1
3046|-1
3047|93802
3048|575627
3049|-1
3050|-1
3051|-1
3052|-1
3053|-1
3054|-1
3055|-1
3056|-1
3057|-1
3058|296237
3059|415615
3060|-1
3061|-1
3062|-1
3063|238003
3064|249622
3065|220289
3066|374612
3067|642964
3068|-1
3069|-1
3070|-1
3071|-1
3072|635806
3073|-1
3074|-1
3075|-1
3076|-1
3077|193350
3078|-1
3079|-1
3080|384561
3081|-1
3082|77122
3083|158055
3084|-1
3085|567635
3086|-1
3087|590740
3088|-1
3089|197929
3090|173518
3091|498905
3092|-1
3093|-1
3094|-1
3095|-1
3096|92309
3097|83222
3098|282892
3099|-1
3100|204378
3101|-1
3102|-1
3103|-1
3104|-1
3105|420898
3106|4201
3107|-1
3108|188624
3109|14399
3110|-1
3111|207682
3112|-1
3113|424372
3114|-1
3115|-1
3116|270132
3117|-1
3118|-1
3119|181288
3120|-1
3121|-1
3122|-1
3123|238005
3124|-1
3125|361401
3126|-1
3127|11687
3128|421329
3129|260357
3130|-1
3131|-1
3132|-1
3133|-1
3134|-1
3135|317169
3136|555595
3137|26163
3138|460420
3139|-1
3140|165258
3141|61812
3142|168733
3143|-1
3144|286531
3145|606240
3146|608403
3147|-1
3148|-1
3149|-1
3150|590206
3151|-1
3152|270714
3153|-1
3154|175354
3155|-1
3156|-1
3157|376796
3158|-1
3159|279028
3160|-1
3161|557666
3162|-1
3163|-1
3164|-1
3165|-1
3166|166699
3167|-1
3168|-1
3169|-1
3170|148929
3171|-1
3172|-1
3173|-1
3174|45801
3175|-1
3176|-1
3177|-1
3178|-1
3179|231861
3180|-1
3181|514179
3182|-1
3183|629070
3184|-1
3185|342969
3186|-1
3187|-1
3188|-1
3189|257595
3190|61190
3191|-1
3192|-1
3193|-1
3194|-1
3195|435046
3196|-1
3197|90938
3198|100559
3199|-1
3200|-1
3201|-1
3202|32602
3203|329611
3204|296076
3205|-1
3206|457261
3207|37312
3208|-1
3209|250252
3210|3034
3211|-1
3212|-1
3213|127357
3214|-1
3215|-1
3216|-1
3217|-1
3218|-1
3219|-1
3220|-1
3221|-1
3222|-1
3223|325551
3224|-1
3225|-1
3226|-1
3227|-1
3228|-1
3229|480529
3230|-1
3231|521490
3232|-1
3233|-1
3234|214772
3235|-1
3236|-1
3237|-1
3238|360811
3239|42646
3240|169809
3241|-1
3242|607241
3243|-1
3244|-1
3245|-1
3246|539365
3247|640409
3248|67163
3249|258409
3250|-1
3251|-1
3252|620630
3253|-1
3254|-1
3255|-1
3256|-1
3257|529097
3258|-1
3259|-1
3260|-1
3261|-1
3262|-1
3263|304008
3264|614233
3265|-1
3266|-1
3267|-1
3268|-1
3269|-1
3270|382465
3271|-1
3272|-1
3273|37857
3274|-1
3275|209107
3276|-1
3277|-1
3278|-1
3279|541635
3280|-1
3281|266708
3282|-1
3283|-1
3284|-1
3285|-1
3286|-1
3287|-1
3288|-1
3289|473511
3290|580030
3291|-1
3292|-1
3293|-1
3294|-1
3295|53654
3296|-1
3297|135720
3298|591544
3299|-1
3300|-1
3301|374507
3302|-1
3303|105078
3304|38661
3305|-1
3306|220672
3307|-1
3308|463527
3309|616556
3310|-1
3311|254677
3312|185017
3313|-1
3314|613948
3315|-1
3316|-1
3317|19720
3318|-1
3319|418821
3320|-1
3321|445230
3322|306882
3323|-1
3324|-1
3325|-1
3326|335942
3327|-1
3328|-1
3329|-1
3330|442930
3331|-1
3332|-1
3333|-1
3334|-1
3335|-1
3336|-1
3337|-1
3338|104962
3339|-1
3340|585397
3341|-1
3342|-1
3343|197481
3344|-1
3345|261632
3346|-1
3347|-1
3348|201864
3349|-1
3350|-1
3351|-1
3352|-1
3353|229389
3354|-1
3355|-1
3356|-1
3357|245594
3358|-1
3359|132128
3360|-1
3361|-1
3362|-1
3363|32173
3364|-1
3365|-1
3366|599135
3367|-1
3368|-1
3369|-1
3370|-1
3371|-1
3372|-1
3373|-1
3374|-1
3375|598304
3376|-1
3377|79401
3378|584294
3379|-1
3380|-1
3381|-1
3382|-1
3383|-1
3384|-1
3385|-1
3386|-1
3387|-1
3388|-1
3389|200484
3390|-1
3391|516117
3392|465070
3393|309405
3394|323849
3395|-1
3396|-1
3397|-1
3398|261731
3399|-1
3400|-1
3401|-1
3402|-1
3403|-1
3404|567320
3405|-1
3406|-1
3407|-1
3408|-1
3409|-1
3410|-1
3411|178370
3412|-1
3413|-1
3414|332458
3415|-1
3416|569143
3417|206765
3418|-1
3419|-1
3420|455090
3421|-1
3422|-1
3423|91154
3424|-1
3425|-1
3426|333967
3427|223159
3428|-1
3429|582486
3430|437360
3431|-1
3432|-1
3433|349743
3434|-1
3435|-1
3436|-1
3437|-1
3438|-1
3439|-1
3440|217835
3441|-1
3442|-1
3443|-1
3444|83463
3445|-1
3446|333774
3447|-1
3448|-1
3449|-1
3450|170602
3451|149680
3452|-1
3453|-1
3454|26847
3455|-1
3456|-1
3457|-1
3458|-1
3459|-1
3460|554338
3461|307411
3462|-1
3463|-1
3464|-1
3465|-1
3466|133925
3467|-1
3468|478056
3469|-1
3470|-1
3471|522234
3472|-1
3473|-1
3474|-1
3475|607244
3476|-1
3477|-1
3478|-1
3479|218694
3480|-1
3481|-1
3482|-1
3483|-1
3484|-1
3485|118187
3486|-1
3487|-1
3488|-1
3489|-1
3490|381797
3491|-1
3492|-1
3493|-1
3494|48187
3495|560734
3496|506052
3497|-1
3498|-1
3499|-1
3500|196570
3501|-1
3502|-1
3503|-1
3504|-1
3505|255911
3506|-1
3507|155806
3508|-1
3509|-1
3510|-1
3511|-1
3512|-1
3513|319800
3514|-1
3515|126026
3516|-1
3517|95530
3518|-1
3519|-1
3520|622354
3521|404483
3522|203418
3523|-1
3524|131917
3525|-1
3526|497804
3527|619817
3528|-1
3529|-1
3530|-1
3531|-1
3532|310341
3533|-1
3534|-1
3535|-1
3536|17699
3537|-1
3538|28913
3539|-1
3540|290315
3541|-1
3542|-1
3543|-1
3544|-1
3545|-1
3546|-1
3547|55466
3548|595650
3549|-1
3550|-1
3551|-1
3552|-1
3553|314308
3554|-1
3555|-1
3556|622487
3557|518755
3558|-1
3559|5770
3560|197779
3561|-1
3562|-1
3563|-1
3564|349155
3565|-1
3566|-1
3567|-1
3568|-1
3569|-1
3570|440129
3571|-1
3572|-1
3573|304086
3574|-1
3575|-1
3576|512819
3577|-1
3578|-1
3579|613856
3580|174285
3581|-1
3582|-1
3583|460304
3584|-1
3585|386100
3586|371878
3587|-1
3588|317365
3589|-1
3590|-1
3591|-1
3592|-1
3593|323770
3594|-1
3595|-1
3596|-1
3597|-1
3598|198353
3599|355558
3600|-1
3601|513814
3602|161317
3603|-1
3604|-1
3605|419233
3606|-1
3607|279420
3608|640218
3609|-1
3610|-1
3611|468806
3612|433254
3613|-1
3614|576249
3615|-1
3616|-1
3617|247027
3618|464369
3619|-1
3620|-1
3621|75736
3622|-1
3623|390835
3624|274465
3625|463950
3626|-1
3627|211049
3628|-1
3629|-1
3630|359629
3631|-1
3632|-1
3633|-1
3634|238560
3635|-1
3636|-1
3637|-1
3638|380029
3639|178184
3640|-1
3641|-1
3642|93854
3643|134583
3644|-1
3645|194978
3646|-1
3647|-1
3648|424076
3649|23406
3650|-1
3651|-1
3652|-1
3653|-1
3654|199482
3655|-1
3656|-1
3657|-1
3658|467568
3659|-1
3660|-1
3661|-1
3662|-1
3663|-1
3664|-1
3665|-1
3666|512944
3667|98297
3668|163908
3669|-1
3670|632008
3671|-1
3672|63587
3673|-1
3674|-1
3675|355332
3676|331861
3677|-1
3678|-1
3679|-1
3680|-1
3681|424590
3682|494720
3683|603979
3684|-1
3685|582395
3686|-1
3687|-1
3688|-1
3689|-1
3690|-1
3691|60023
3692|389247
3693|589858
3694|-1
3695|15754
3696|541265
3697|588326
3698|-1
3699|233190
3700|-1
3701|-1
3702|-1
3703|-1
3704|-1
3705|199845
3706|195509
3707|569285
3708|-1
3709|132371
3710|73902
3711|-1
3712|401866
3713|174017
3714|-1
3715|-1
3716|-1
3717|-1
3718|160925
3719|-1
3720|-1
3721|385850
3722|-1
3723|-1
3724|-1
3725|-1
3726|-1
3727|286396
3728|579342
3729|496570
3730|-1
3731|226037
3732|598781
3733|-1
3734|449189
3735|-1
3736|-1
3737|322309
3738|-1
3739|123504
3740|-1
3741|574309
3742|-1
3743|-1
3744|202830
3745|115810
3746|-1
3747|238394
3748|-1
3749|-1
3750|-1
3751|322687
3752|-1
3753|98775
3754|-1
3755|-1
3756|-1
3757|-1
3758|-1
3759|-1
3760|467447
3761|-1
3762|-1
3763|362435
3764|-1
3765|562945
3766|508919
3767|-1
3768|376741
3769|302055
3770|-1
3771|296625
3772|-1
3773|-1
3774|-1
3775|507480
3776|4694
3777|-1
3778|510108
3779|604620
3780|-1
3781|-1
3782|-1
3783|322020
3784|-1
3785|-1
3786|-1
3787|-1
3788|-1
3789|-1
3790|-1
3791|-1
3792|236922
3793|-1
3794|610997
3795|-1
3796|-1
3797|-1
3798|252396
3799|-1
3800|37116
3801|219024
3802|-1
3803|-1
3804|-1
3805|-1
3806|480301
3807|524913
3808|-1
3809|312305
3810|-1
3811|-1
3812|642368
3813|-1
3814|-1
3815|549819
3816|-1
3817|-1
3818|-1
3819|438443
3820|-1
3821|331743
3822|549382
3823|-1
3824|100755
3825|227345
3826|-1
3827|34970
3828|264665
3829|-1
3830|-1
3831|-1
3832|-1
3833|-1
3834|-1
3835|-1
3836|-1
3837|-1
3838|615271
3839|-1
3840|-1
3841|-1
3842|294661
3843|-1
3844|-1
3845|164107
3846|-1
3847|-1
3848|417437
3849|366293
3850|343429
3851|-1
3852|-1
3853|-1
3854|165248
3855|359467
3856|-1
3857|-1
3858|-1
3859|219823
3860|458052
3861|406975
3862|-1
3863|-1
3864|55123
3865|-1
3866|446403
3867|-1
3868|-1
3869|535447
3870|-1
3871|-1
3872|613191
3873|-1
3874|-1
3875|108538
3876|-1
3877|-1
3878|-1
3879|-1
3880|-1
3881|-1
3882|-1
3883|241367
3884|-1
3885|564354
3886|-1
3887|60982
3888|-1
3889|-1
3890|391395
3891|179801
3892|-1
3893|-1
3894|531667
3895|260888
3896|57502
3897|-1
3898|-1
3899|3458
3900|-1
3901|582089
3902|-1
3903|-1
3904|322422
3905|572654
3906|-1
3907|-1
3908|315780
3909|33573
3910|-1
3911|409276
3912|-1
3913|-1
3914|-1
3915|-1
3916|497453
3917|-1
3918|5832
3919|517088
3920|622155
3921|-1
3922|623465
3923|152122
3924|490042
3925|528592
3926|578452
3927|-1
3928|-1
3929|211328
3930|113639
3931|607003
3932|-1
3933|-1
3934|-1
3935|-1
3936|406244
3937|109991
3938|-1
3939|-1
3940|39121
3941|-1
3942|90226
3943|214809
3944|422287
3945|-1
3946|-1
3947|-1
3948|-1
3949|-1
3950|-1
3951|268313
3952|41971
3953|-1
3954|-1
3955|569716
3956|-1
3957|-1
3958|448498
3959|-1
3960|-1
3961|-1
3962|-1
3963|312359
3964|-1
3965|314928
3966|-1
3967|-1
3968|-1
3969|211579
3970|-1
3971|-1
3972|-1
3973|415159
3974|601429
3975|123884
3976|-1
3977|324403
3978|416603
3979|-1
3980|-1
3981|593425
3982|-1
3983|-1
3984|-1
3985|540357
3986|44368
3987|170815
3988|256158
3989|-1
3990|-1
3991|471171
3992|-1
3993|-1
3994|306994
3995|-1
3996|141603
3997|209322
3998|315213
3999|577503
4000|-1
4001|-1
4002|-1
4003|-1
4004|-1
4005|533690
4006|-1
4007|212233
4008|-1
4009|-1
4010|-1
4011|288605
4012|229639
4013|-1
4014|-1
4015|-1
4016|-1
4017|326196
4018|-1
4019|-1
4020|-1
4021|-1
4022|102636
4023|-1
4024|-1
4025|-1
4026|595234
4027|-1
4028|-1
4029|501127
4030|-1
4031|-1
4032|-1
4033|-1
4034|155471
4035|561073
4036|-1
4037|-1
4038|333996
4039|542992
4040|-1
4041|-1
4042|462257
4043|478395
4044|455025
4045|167507
4046|-1
4047|-1
4048|433315
4049|56221
4050|303926
4051|372878
4052|-1
4053|431815
4054|-1
4055|537117
4056|-1
4057|-1
4058|-1
4059|-1
4060|-1
4061|92939
4062|247737
4063|-1
4064|-1
4065|-1
4066|-1
4067|34789
4068|517096
4069|-1
4070|-1
4071|-1
4072|9211
4073|-1
4074|-1
4075|462100
4076|-1
4077|-1
4078|-1
4079|-1
4080|-1
4081|-1
4082|-1
4083|166323
4084|-1
4085|-1
4086|-1
4087|-1
4088|218428
4089|-1
4090|471123
4091|-1
4092|-1
4093|292177
4094|-1
4095|-1
4096|-1
4097|-1
4098|-1
4099|-1
4100|139246
4101|-1
4102|-1
4103|-1
4104|315418
4105|-1
4106|-1
4107|-1
4108|-1
4109|94646
4110|-1
4111|-1
4112|110783
4113|-1
4114|333060
4115|-1
4116|390500
4117|-1
4118|-1
4119|-1
4120|570815
4121|-1
4122|-1
4123|-1
4124|269786
4125|394142
4126|-1
4127|-1
4128|-1
4129|578783
4130|136708
4131|-1
4132|627103
4133|511298
4134|265903
4135|-1
4136|220566
4137|262193
4138|-1
4139|-1
4140|-1
4141|-1
4142|-1
4143|-1
4144|-1
4145|-1
4146|-1
4147|584671
4148|-1
4149|-1
4150|166420
4151|445729
4152|-1
4153|-1
4154|-1
4155|248592
4156|120542
4157|277586
4158|-1
4159|339997
4160|179313
4161|218951
4162|469587
4163|-1
4164|114688
4165|490351
4166|21998
4167|61855
4168|442238
4169|60898
4170|-1
4171|-1
4172|494752
4173|-1
4174|-1
4175|-1
4176|277550
4177|76090
4178|-1
4179|-1
4180|-1
4181|437231
4182|-1
4183|156082
4184|-1
4185|400857
4186|-1
4187|308657
4188|-1
4189|123525
4190|-1
4191|-1
4192|-1
4193|-1
4194|-1
4195|265805
4196|-1
4197|359709
4198|-1
4199|-1
4200|-1
4201|-1
4202|-1
4203|-1
4204|-1
4205|-1
4206|369581
4207|-1
4208|-1
4209|242336
4210|-1
4211|-1
4212|-1
4213|-1
4214|-1
4215|99622
4216|45105
4217|298362
4218|-1
4219|449948
4220|-1
4221|100315
4222|248270
4223|258322
4224|628144
4225|242274
4226|-1
4227|-1
4228|624017
4229|388804
4230|-1
4231|-1
4232|495654
4233|-1
4234|-1
4235|253763
4236|268601
4237|97520
4238|17338
4239|-1
4240|111647
4241|389653
4242|-1
4243|-1
4244|-1
4245|-1
4246|263831
4247|-1
4248|-1
4249|-1
4250|-1
4251|36376
4252|25853
4253|-1
4254|-1
4255|638712
4256|-1
4257|54080
4258|-1
4259|326112
4260|461000
4261|30173
4262|-1
4263|637861
4264|-1
4265|583978
4266|534981
4267|-1
4268|-1
4269|-1
4270|313454
4271|469615
4272|-1
4273|398076
4274|-1
4275|-1
4276|-1
4277|-1
4278|548584
4279|-1
4280|568357
4281|-1
4282|-1
4283|127875
4284|-1
4285|-1
4286|379524
4287|-1
4288|116953
4289|102352
4290|209551
4291|621659
4292|38158
4293|-1
4294|-1
4295|-1
4296|-1
4297|-1
4298|-1
4299|-1
4300|-1
4301|-1
4302|145025
4303|-1
4304|-1
4305|-1
4306|-1
4307|-1
4308|-1
4309|-1
4310|-1
4311|303184
4312|337554
4313|-1
4314|275129
4315|171059
4316|-1
4317|-1
4318|-1
4319|108095
4320|-1
4321|243500
4322|-1
4323|-1
4324|-1
4325|-1
4326|54141
4327|-1
4328|-1
4329|-1
4330|-1
4331|539281
4332|14725
4333|406426
4334|167616
4335|560733
4336|-1
4337|469041
4338|-1
4339|353164
4340|-1
4341|-1
4342|-1
4343|-1
4344|588214
4345|-1
4346|-1
4347|262701
4348|-1
4349|367533
4350|-1
4351|-1
4352|141035
4353|-1
4354|-1
4355|-1
4356|-1
4357|372828
4358|-1
4359|-1
4360|192600
4361|-1
4362|160150
4363|-1
4364|-1
4365|638014
4366|468247
4367|-1
4368|591926
4369|-1
4370|-1
4371|-1
4372|459681
4373|-1
4374|-1
4375|-1
4376|462491
4377|318029
4378|-1
4379|-1
4380|-1
4381|-1
4382|237070
4383|599300
4384|-1
4385|310059
4386|-1
4387|-1
4388|152858
4389|151575
4390|-1
4391|-1
4392|-1
4393|84540
4394|-1
4395|28345
4396|-1
4397|-1
4398|120768
4399|-1
4400|1854
4401|-1
4402|-1
4403|-1
4404|-1
4405|-1
4406|-1
4407|152344
4408|24938
4409|368261
4410|335144
4411|-1
4412|-1
4413|-1
4414|-1
4415|-1
4416|-1
4417|204559
4418|-1
4419|26556
4420|-1
4421|-1
4422|-1
4423|-1
4424|-1
4425|-1
4426|-1
4427|-1
4428|266473
4429|146591
4430|-1
4431|-1
4432|-1
4433|466908
4434|-1
4435|-1
4436|112658
4437|544303
4438|330962
4439|477939
4440|159843
4441|-1
4442|561878
4443|-1
4444|-1
4445|81472
4446|-1
4447|131530
4448|268087
4449|507265
4450|-1
4451|-1
4452|-1
4453|-1
4454|473773
4455|-1
4456|-1
4457|-1
4458|-1
4459|395691
4460|157483
4461|620887
4462|343444
4463|-1
4464|407738
4465|28546
4466|-1
4467|66028
4468|-1
4469|-1
4470|304676
4471|361202
4472|318150
4473|-1
4474|-1
4475|281164
4476|-1
4477|-1
4478|-1
4479|355652
4480|104673
4481|590249
4482|569815
4483|-1
4484|-1
4485|-1
4486|495799
4487|261564
4488|36961
4489|-1
4490|-1
4491|-1
4492|-1
4493|-1
4494|348944
4495|108366
4496|217164
4497|-1
4498|-1
4499|-1
4500|416534
4501|-1
4502|-1
4503|-1
4504|-1
4505|-1
4506|591307
4507|-1
4508|-1
4509|-1
4510|-1
4511|432423
4512|-1
4513|229122
4514|-1
4515|-1
4516|303311
4517|264785
4518|-1
4519|-1
4520|-1
4521|-1
4522|-1
4523|-1
4524|-1
4525|-1
4526|-1
4527|-1
4528|-1
4529|536325
4530|359817
4531|-1
4532|87211
4533|34543
4534|-1
4535|-1
4536|615131
4537|-1
4538|-1
4539|-1
4540|-1
4541|256894
4542|-1
4543|256476
4544|-1
4545|-1
4546|-1
4547|374298
4548|-1
4549|307292
4550|-1
4551|-1
4552|291115
4553|-1
4554|585478
4555|-1
4556|410443
4557|166167
4558|-1
4559|-1
4560|-1
4561|-1
4562|8622
4563|-1
4564|-1
4565|-1
4566|-1
4567|-1
4568|426039
4569|-1
4570|361190
4571|-1
4572|-1
4573|-1
4574|-1
4575|420657
4576|-1
4577|56900
4578|380605
4579|-1
4580|99962
4581|-1
4582|-1
4583|468991
4584|118440
4585|486280
4586|-1
4587|-1
4588|632190
4589|178105
4590|94389
4591|-1
4592|-1
4593|414328
4594|343082
4595|297259
4596|-1
4597|-1
4598|-1
4599|205411
4600|-1
4601|200744
4602|-1
4603|-1
4604|553650
4605|-1
4606|372020
4607|396023
4608|-1
4609|541708
4610|-1
4611|642395
4612|-1
4613|-1
4614|562997
4615|233508
4616|-1
4617|-1
4618|-1
4619|353631
4620|85957
4621|50274
4622|-1
4623|321916
4624|598579
4625|90565
4626|293555
4627|-1
4628|-1
4629|-1
4630|-1
4631|-1
4632|-1
4633|409906
4634|-1
4635|-1
4636|312061
4637|581441
4638|-1
4639|280093
4640|405267
4641|-1
4642|-1
4643|-1
4644|-1
4645|603664
4646|-1
4647|133720
4648|298416
4649|393784
4650|-1
4651|431211
4652|62094
4653|-1
4654|602359
4655|-1
4656|595086
4657|186369
4658|-1
4659|330847
4660|-1
4661|-1
4662|-1
4663|287491
4664|-1
4665|537136
4666|85169
4667|-1
4668|-1
4669|-1
4670|-1
4671|-1
4672|-1
4673|-1
4674|249206
4675|363084
4676|-1
4677|-1
4678|-1
4679|-1
4680|375181
4681|-1
4682|596536
4683|417768
4684|-1
4685|-1
4686|204963
4687|252969
4688|319766
4689|-1
4690|-1
4691|133303
4692|373547
4693|-1
4694|399434
4695|-1
4696|121056
4697|-1
4698|77383
4699|-1
4700|289777
4701|-1
4702|-1
4703|-1
4704|-1
4705|24390
4706|383838
4707|420738
4708|-1
4709|559717
4710|377585
4711|422099
4712|609729
4713|446915
4714|-1
4715|12025
4716|-1
4717|-1
4718|-1
4719|-1
4720|302390
4721|483985
4722|50348
4723|77519
4724|-1
4725|36597
4726|563047
4727|-1
4728|-1
4729|-1
4730|239383
4731|385950
4732|281091
4733|168839
4734|-1
4735|133591
4736|226011
4737|606844
4738|-1
4739|74719
4740|-1
4741|281553
4742|-1
4743|-1
4744|-1
4745|-1
4746|-1
4747|375788
4748|-1
4749|103976
4750|640562
4751|314827
4752|428089
4753|-1
4754|93827
4755|-1
4756|-1
4757|-1
4758|-1
4759|-1
4760|-1
4761|28076
4762|462186
4763|204590
4764|-1
4765|50506
4766|-1
4767|-1
4768|436259
4769|-1
4770|483561
4771|84694
4772|414869
4773|629819
4774|13107
4775|-1
4776|407237
4777|-1
4778|-1
4779|-1
4780|-1
4781|-1
4782|-1
4783|240948
4784|-1
4785|36017
4786|-1
4787|205062
4788|91986
4789|-1
4790|433652
4791|-1
4792|-1
4793|-1
4794|-1
4795|78795
4796|-1
4797|-1
4798|77959
4799|292816
4800|575932
4801|-1
4802|-1
4803|43919
4804|-1
4805|6867
4806|270374
4807|-1
4808|-1
4809|494684
4810|-1
4811|2592
4812|415642
4813|568222
4814|465954
4815|-1
4816|-1
4817|-1
4818|-1
4819|591868
4820|73212
4821|-1
4822|-1
4823|462441
4824|-1
4825|-1
4826|-1
4827|-1
4828|35600
4829|-1
4830|-1
4831|-1
4832|-1
4833|-1
4834|-1
4835|-1
4836|-1
4837|-1
4838|-1
4839|58370
4840|-1
4841|74007
4842|-1
4843|-1
4844|193190
4845|493020
4846|-1
4847|-1
4848|-1
4849|-1
4850|-1
4851|-1
4852|-1
4853|-1
4854|-1
4855|-1
4856|-1
4857|561830
4858|7383
4859|188076
4860|-1
4861|-1
4862|13743
4863|170041
4864|344002
4865|-1
4866|-1
4867|-1
4868|190455
4869|-1
4870|380904
4871|378192
4872|426529
4873|-1
4874|-1
4875|409147
4876|524416
4877|181820
4878|316320
4879|-1
4880|-1
4881|462209
4882|-1
4883|38603
4884|-1
4885|350783
4886|-1
4887|-1
4888|370746
4889|-1
4890|-1
4891|38616
4892|180828
4893|-1
4894|68666
4895|565774
4896|382287
4897|-1
4898|-1
4899|384263
4900|-1
4901|380169
4902|-1
4903|522110
4904|-1
4905|584041
4906|585900
4907|-1
4908|516264
4909|371654
4910|-1
4911|-1
4912|90851
4913|-1
4914|-1
4915|143146
4916|-1
4917|-1
4918|263019
4919|105876
4920|-1
4921|-1
4922|-1
4923|-1
4924|-1
4925|28370
4926|443745
4927|-1
4928|-1
4929|-1
4930|223200
4931|-1
4932|-1
4933|271578
4934|-1
4935|-1
4936|153106
4937|-1
4938|-1
4939|66897
4940|-1
4941|160621
4942|-1
4943|199197
4944|380635
4945|-1
4946|146290
4947|-1
4948|-1
4949|-1
4950|408878
4951|-1
4952|581856
4953|-1
4954|-1
4955|196370
4956|560596
4957|69573
4958|309321
4959|-1
4960|-1
4961|-1
4962|-1
4963|-1
4964|401565
4965|-1
4966|631621
4967|52518
4968|-1
4969|-1
4970|-1
4971|-1
4972|-1
4973|-1
4974|137907
4975|633607
4976|-1
4977|-1
4978|307530
4979|-1
4980|-1
4981|197877
4982|609994
4983|-1
4984|56950
4985|-1
4986|-1
4987|131581
4988|-1
4989|-1
4990|381204
4991|-1
4992|-1
4993|-1
4994|323881
4995|-1
4996|66617
4997|474027
4998|457060
4999|-1
